ID	Description	GeneRatio	BgRatio	pvalue	p.adjust	qvalue	geneID	Count
HALLMARK_ALLOGRAFT_REJECTION	HALLMARK_ALLOGRAFT_REJECTION	10/49	204/4401	6.17517343618633e-05	0.00191430376521776	0.0017550492923898	ENSMUSG00000028076/ENSMUSG00000026012/ENSMUSG00000003379/ENSMUSG00000020125/ENSMUSG00000041538/ENSMUSG00000004698/ENSMUSG00000020009/ENSMUSG00000035004/ENSMUSG00000030165/ENSMUSG00000040710	10
HALLMARK_KRAS_SIGNALING_UP	HALLMARK_KRAS_SIGNALING_UP	8/49	202/4401	0.00152246795237774	0.023598253261855	0.02163507090221	ENSMUSG00000039167/ENSMUSG00000027562/ENSMUSG00000019960/ENSMUSG00000004151/ENSMUSG00000004698/ENSMUSG00000020717/ENSMUSG00000022114/ENSMUSG00000020577	8
HALLMARK_IL2_STAT5_SIGNALING	HALLMARK_IL2_STAT5_SIGNALING	7/49	199/4401	0.00593194285921897	0.061296742878596	0.0561973534031271	ENSMUSG00000029994/ENSMUSG00000027562/ENSMUSG00000066026/ENSMUSG00000020009/ENSMUSG00000005533/ENSMUSG00000025997/ENSMUSG00000019872	7
HALLMARK_COAGULATION	HALLMARK_COAGULATION	5/49	139/4401	0.0182802014972685	0.141671561603831	0.129885642217434	ENSMUSG00000019960/ENSMUSG00000025959/ENSMUSG00000020717/ENSMUSG00000020120/ENSMUSG00000040152	5
